"county","year","cases","population"
"Adams",1968,6,17952
"Allen",1968,32,111028
"Ashland",1968,15,43504
"Ashtabula",1968,27,95077
"Athens",1968,12,54180
"Auglaize",1968,7,37893
"Belmont",1968,25,77856
"Brown",1968,10,25300
"Butler",1968,49,222616
"Carroll",1968,3,20961
"Champaign",1968,8,29910
"Clark",1968,42,153501
"Clermont",1968,23,91596
"Clinton",1968,4,31214
"Columbiana",1968,45,106723
"Coshocton",1968,7,32900
"Crawford",1968,14,48650
"Cuyahoga",1968,633,1744859
"Darke",1968,10,47749
"Defiance",1968,4,36756
"Delaware",1968,11,41964
"Erie",1968,22,74091
"Fairfield",1968,20,70676
"Fayette",1968,6,24888
"Franklin",1968,246,813246
"Fulton",1968,5,31976
"Gallia",1968,3,24102
"Geauga",1968,7,62514
"Greene",1968,21,122930
"Guernsey",1968,11,35664
"Hamilton",1968,376,933253
"Hancock",1968,17,60162
"Hardin",1968,7,30794
"Harrison",1968,6,16778
"Henry",1968,5,26557
"Highland",1968,9,28007
"Hocking",1968,11,19712
"Holmes",1968,3,21974
"Huron",1968,11,48486
"Jackson",1968,15,27442
"Jefferson",1968,35,95132
"Knox",1968,12,41702
"Lake",1968,50,196022
"Lawrence",1968,22,54932
"Licking",1968,29,105189
"Logan",1968,17,34195
"Lorain",1968,66,254095
"Lucas",1968,175,480010
"Madison",1968,7,27669
"Mahoning",1968,108,302985
"Marion",1968,26,62708
"Medina",1968,15,80291
"Meigs",1968,11,19652
"Mercer",1968,3,35530
"Miami",1968,18,82795
"Monroe",1968,4,15799
"Montgomery",1968,172,616195
"Morgan",1968,1,11380
"Morrow",1968,4,19616
"Muskingum",1968,28,76690
"Noble",1968,4,10547
"Ottawa",1968,10,36414
"Paulding",1968,6,18765
"Perry",1968,10,26807
"Pickaway",1968,12,38371
"Pike",1968,4,19284
"Portage",1968,14,122135
"Preble",1968,5,33389
"Putnam",1968,5,30472
"Richland",1968,36,131020
"Ross",1968,18,61689
"Sandusky",1968,16,61061
"Scioto",1968,30,76218
"Seneca",1968,17,60815
"Shelby",1968,10,37966
"Stark",1968,114,369341
"Summit",1968,176,558916
"Trumbull",1968,56,229248
"Tuscarawas",1968,28,75772
"Union",1968,8,22114
"Van Wert",1968,7,29417
"Vinton",1968,4,9471
"Warren",1968,19,84068
"Washington",1968,8,56029
"Wayne",1968,16,85563
"Williams",1968,5,33512
"Wood",1968,12,86389
"Wyandot",1968,5,21038
"Adams",1969,5,18472
"Allen",1969,33,110973
"Ashland",1969,19,43382
"Ashtabula",1969,24,96738
"Athens",1969,9,55036
"Auglaize",1969,10,38211
"Belmont",1969,32,79435
"Brown",1969,6,26010
"Butler",1969,69,224522
"Carroll",1969,9,21340
"Champaign",1969,8,30190
"Clark",1969,45,155326
"Clermont",1969,29,93532
"Clinton",1969,7,31381
"Columbiana",1969,31,107602
"Coshocton",1969,19,33278
"Crawford",1969,19,49611
"Cuyahoga",1969,586,1730679
"Darke",1969,7,48463
"Defiance",1969,6,36914
"Delaware",1969,9,42455
"Erie",1969,21,75050
"Fairfield",1969,29,72102
"Fayette",1969,3,25214
"Franklin",1969,252,824708
"Fulton",1969,7,32528
"Gallia",1969,10,24746
"Geauga",1969,13,62645
"Greene",1969,30,123987
"Guernsey",1969,15,36741
"Hamilton",1969,358,928899
"Hancock",1969,19,60742
"Hardin",1969,11,30806
"Harrison",1969,6,16866
"Henry",1969,5,26778
"Highland",1969,11,28582
"Hocking",1969,12,20051
"Holmes",1969,0,22526
"Huron",1969,11,49098
"Jackson",1969,13,27270
"Jefferson",1969,42,95580
"Knox",1969,12,41732
"Lake",1969,37,196237
"Lawrence",1969,21,55961
"Licking",1969,29,106588
"Logan",1969,17,34713
"Lorain",1969,82,255382
"Lucas",1969,200,482047
"Madison",1969,8,27991
"Mahoning",1969,107,303589
"Marion",1969,17,63804
"Medina",1969,19,81405
"Meigs",1969,8,19749
"Mercer",1969,10,35511
"Miami",1969,14,83533
"Monroe",1969,5,15748
"Montgomery",1969,178,611768
"Morgan",1969,2,11983
"Morrow",1969,3,20573
"Muskingum",1969,22,77318
"Noble",1969,2,10464
"Ottawa",1969,10,36827
"Paulding",1969,5,19004
"Perry",1969,6,27106
"Pickaway",1969,7,39330
"Pike",1969,8,19169
"Portage",1969,24,124095
"Preble",1969,7,33972
"Putnam",1969,2,30811
"Richland",1969,36,130286
"Ross",1969,17,61326
"Sandusky",1969,20,61042
"Scioto",1969,31,76584
"Seneca",1969,16,60666
"Shelby",1969,7,37854
"Stark",1969,116,370699
"Summit",1969,171,555650
"Trumbull",1969,73,230886
"Tuscarawas",1969,31,76508
"Union",1969,8,22949
"Van Wert",1969,5,29260
"Vinton",1969,2,9469
"Warren",1969,22,84664
"Washington",1969,12,56608
"Wayne",1969,12,86372
"Williams",1969,5,33551
"Wood",1969,15,88155
"Wyandot",1969,6,21456
"Adams",1970,9,19047
"Allen",1970,39,110858
"Ashland",1970,12,43100
"Ashtabula",1970,25,98297
"Athens",1970,12,55773
"Auglaize",1970,8,38534
"Belmont",1970,43,80883
"Brown",1970,7,26744
"Butler",1970,63,226090
"Carroll",1970,6,21561
"Champaign",1970,9,30537
"Clark",1970,52,157125
"Clermont",1970,27,95378
"Clinton",1970,12,31380
"Columbiana",1970,28,108289
"Coshocton",1970,10,33378
"Crawford",1970,27,50433
"Cuyahoga",1970,666,1715252
"Darke",1970,16,49122
"Defiance",1970,12,36919
"Delaware",1970,10,42871
"Erie",1970,18,75950
"Fairfield",1970,26,73424
"Fayette",1970,12,25448
"Franklin",1970,273,835544
"Fulton",1970,5,33108
"Gallia",1970,13,25371
"Geauga",1970,17,62671
"Greene",1970,27,124787
"Guernsey",1970,19,37926
"Hamilton",1970,378,923609
"Hancock",1970,14,61141
"Hardin",1970,14,30699
"Harrison",1970,7,16929
"Henry",1970,4,27105
"Highland",1970,11,29073
"Hocking",1970,13,20366
"Holmes",1970,6,23134
"Huron",1970,22,49586
"Jackson",1970,13,27073
"Jefferson",1970,38,95980
"Knox",1970,12,41609
"Lake",1970,48,196138
"Lawrence",1970,25,56793
"Licking",1970,29,107655
"Logan",1970,17,35162
"Lorain",1970,84,256212
"Lucas",1970,189,483591
"Madison",1970,9,28346
"Mahoning",1970,120,303874
"Marion",1970,15,64809
"Medina",1970,18,82685
"Meigs",1970,10,19719
"Mercer",1970,13,35367
"Miami",1970,18,84255
"Monroe",1970,2,15681
"Montgomery",1970,189,606214
"Morgan",1970,7,12496
"Morrow",1970,2,21548
"Muskingum",1970,22,77772
"Noble",1970,3,10350
"Ottawa",1970,12,37066
"Paulding",1970,8,19317
"Perry",1970,12,27413
"Pickaway",1970,10,40176
"Pike",1970,2,19014
"Portage",1970,25,125784
"Preble",1970,8,34785
"Putnam",1970,3,31163
"Richland",1970,40,129412
"Ross",1970,15,60936
"Sandusky",1970,18,60751
"Scioto",1970,37,76834
"Seneca",1970,18,60482
"Shelby",1970,6,37551
"Stark",1970,112,371547
"Summit",1970,163,551390
"Trumbull",1970,77,232039
"Tuscarawas",1970,38,77130
"Union",1970,4,23982
"Van Wert",1970,9,29099
"Vinton",1970,4,9385
"Warren",1970,23,85246
"Washington",1970,17,57086
"Wayne",1970,22,87013
"Williams",1970,14,33609
"Wood",1970,24,89993
"Wyandot",1970,7,21829
"Adams",1971,6,19914
"Allen",1971,44,111528
"Ashland",1971,12,43266
"Ashtabula",1971,37,100613
"Athens",1971,12,57317
"Auglaize",1971,16,39222
"Belmont",1971,29,83376
"Brown",1971,5,27731
"Butler",1971,84,229375
"Carroll",1971,4,22083
"Champaign",1971,8,30901
"Clark",1971,53,159872
"Clermont",1971,26,98168
"Clinton",1971,13,31824
"Columbiana",1971,32,109791
"Coshocton",1971,8,33971
"Crawford",1971,13,51731
"Cuyahoga",1971,633,1706811
"Darke",1971,14,50225
"Defiance",1971,11,37178
"Delaware",1971,9,43647
"Erie",1971,21,77376
"Fairfield",1971,25,75352
"Fayette",1971,12,25947
"Franklin",1971,262,851557
"Fulton",1971,6,33988
"Gallia",1971,5,26215
"Geauga",1971,17,63064
"Greene",1971,26,126846
"Guernsey",1971,17,39320
"Hamilton",1971,416,922527
"Hancock",1971,10,62133
"Hardin",1971,10,30879
"Harrison",1971,8,17223
"Henry",1971,7,27517
"Highland",1971,10,29875
"Hocking",1971,10,20863
"Holmes",1971,3,24026
"Huron",1971,21,50485
"Jackson",1971,15,27200
"Jefferson",1971,31,97126
"Knox",1971,12,41923
"Lake",1971,67,197805
"Lawrence",1971,14,58434
"Licking",1971,41,109934
"Logan",1971,16,35867
"Lorain",1971,61,259142
"Lucas",1971,186,487670
"Madison",1971,6,28971
"Mahoning",1971,98,306113
"Marion",1971,29,66303
"Medina",1971,19,84298
"Meigs",1971,8,19937
"Mercer",1971,9,35624
"Miami",1971,26,85594
"Monroe",1971,4,15618
"Montgomery",1971,184,603843
"Morgan",1971,6,13196
"Morrow",1971,4,22751
"Muskingum",1971,30,78926
"Noble",1971,3,10348
"Ottawa",1971,8,37686
"Paulding",1971,3,19786
"Perry",1971,15,28032
"Pickaway",1971,8,41444
"Pike",1971,5,19021
"Portage",1971,26,128741
"Preble",1971,8,35796
"Putnam",1971,3,31734
"Richland",1971,35,129342
"Ross",1971,26,60935
"Sandusky",1971,14,61114
"Scioto",1971,39,77827
"Seneca",1971,16,60765
"Shelby",1971,13,37595
"Stark",1971,135,374615
"Summit",1971,180,550136
"Trumbull",1971,76,235130
"Tuscarawas",1971,29,78383
"Union",1971,8,25243
"Van Wert",1971,13,29106
"Vinton",1971,6,9377
"Warren",1971,24,86500
"Washington",1971,26,58036
"Wayne",1971,18,88415
"Williams",1971,14,33802
"Wood",1971,17,92655
"Wyandot",1971,6,22495
"Adams",1972,10,20714
"Allen",1972,36,110604
"Ashland",1972,12,43917
"Ashtabula",1972,44,100778
"Athens",1972,28,57450
"Auglaize",1972,6,39509
"Belmont",1972,32,83129
"Brown",1972,10,28859
"Butler",1972,102,232626
"Carroll",1972,6,22504
"Champaign",1972,14,30997
"Clark",1972,68,157732
"Clermont",1972,16,99395
"Clinton",1972,24,31982
"Columbiana",1972,24,110490
"Coshocton",1972,22,34908
"Crawford",1972,18,51451
"Cuyahoga",1972,680,1668472
"Darke",1972,18,51198
"Defiance",1972,16,37203
"Delaware",1972,16,44359
"Erie",1972,26,77659
"Fairfield",1972,36,76642
"Fayette",1972,10,26785
"Franklin",1972,302,857183
"Fulton",1972,16,35256
"Gallia",1972,4,26741
"Geauga",1972,8,63384
"Greene",1972,34,125758
"Guernsey",1972,14,39642
"Hamilton",1972,452,913285
"Hancock",1972,10,62665
"Hardin",1972,14,32177
"Harrison",1972,12,17439
"Henry",1972,0,28233
"Highland",1972,16,30024
"Hocking",1972,12,21549
"Holmes",1972,0,25172
"Huron",1972,18,51517
"Jackson",1972,10,27726
"Jefferson",1972,48,96338
"Knox",1972,10,42891
"Lake",1972,66,197928
"Lawrence",1972,30,60359
"Licking",1972,44,110677
"Logan",1972,12,36462
"Lorain",1972,72,260568
"Lucas",1972,194,488593
"Madison",1972,16,29390
"Mahoning",1972,104,303854
"Marion",1972,18,66508
"Medina",1972,22,85075
"Meigs",1972,12,20261
"Mercer",1972,6,36607
"Miami",1972,32,86753
"Monroe",1972,2,15406
"Montgomery",1972,192,601187
"Morgan",1972,6,13530
"Morrow",1972,6,23510
"Muskingum",1972,18,80812
"Noble",1972,10,10658
"Ottawa",1972,10,38712
"Paulding",1972,2,19878
"Perry",1972,10,27846
"Pickaway",1972,14,42184
"Pike",1972,6,20268
"Portage",1972,28,129497
"Preble",1972,16,36079
"Putnam",1972,4,32625
"Richland",1972,30,130801
"Ross",1972,22,61767
"Sandusky",1972,14,62694
"Scioto",1972,50,79969
"Seneca",1972,20,61615
"Shelby",1972,4,38710
"Stark",1972,132,371864
"Summit",1972,194,547161
"Trumbull",1972,68,246895
"Tuscarawas",1972,16,78760
"Union",1972,2,24977
"Van Wert",1972,10,29951
"Vinton",1972,0,10088
"Warren",1972,30,86536
"Washington",1972,16,58688
"Wayne",1972,18,89566
"Williams",1972,10,34686
"Wood",1972,30,94642
"Wyandot",1972,2,22840
"Adams",1973,7,21891
"Allen",1973,38,110273
"Ashland",1973,11,44258
"Ashtabula",1973,29,100428
"Athens",1973,23,56099
"Auglaize",1973,15,40370
"Belmont",1973,33,82704
"Brown",1973,10,29254
"Butler",1973,82,237052
"Carroll",1973,6,23325
"Champaign",1973,17,30738
"Clark",1973,64,157298
"Clermont",1973,36,102780
"Clinton",1973,11,32506
"Columbiana",1973,46,111559
"Coshocton",1973,14,35141
"Crawford",1973,18,51823
"Cuyahoga",1973,688,1641974
"Darke",1973,6,52299
"Defiance",1973,4,37463
"Delaware",1973,17,47356
"Erie",1973,19,78171
"Fairfield",1973,25,79307
"Fayette",1973,17,26606
"Franklin",1973,267,860867
"Fulton",1973,5,35318
"Gallia",1973,11,26955
"Geauga",1973,16,65804
"Greene",1973,27,126601
"Guernsey",1973,22,39869
"Hamilton",1973,418,911646
"Hancock",1973,23,63442
"Hardin",1973,4,32534
"Harrison",1973,6,17731
"Henry",1973,8,28520
"Highland",1973,13,30833
"Hocking",1973,12,21440
"Holmes",1973,7,25797
"Huron",1973,14,52245
"Jackson",1973,14,28769
"Jefferson",1973,36,95851
"Knox",1973,7,43217
"Lake",1973,73,201388
"Lawrence",1973,31,59993
"Licking",1973,39,110830
"Logan",1973,10,37091
"Lorain",1973,74,264778
"Lucas",1973,208,488564
"Madison",1973,7,28296
"Mahoning",1973,98,302497
"Marion",1973,21,66539
"Medina",1973,16,90028
"Meigs",1973,10,21026
"Mercer",1973,9,37356
"Miami",1973,27,87900
"Monroe",1973,4,16028
"Montgomery",1973,249,591799
"Morgan",1973,1,13451
"Morrow",1973,6,24438
"Muskingum",1973,41,80942
"Noble",1973,4,10692
"Ottawa",1973,13,38490
"Paulding",1973,5,20242
"Perry",1973,16,30078
"Pickaway",1973,10,43147
"Pike",1973,8,20361
"Portage",1973,27,131179
"Preble",1973,7,35673
"Putnam",1973,6,32671
"Richland",1973,49,130943
"Ross",1973,20,61980
"Sandusky",1973,22,63460
"Scioto",1973,30,79601
"Seneca",1973,15,62652
"Shelby",1973,9,40061
"Stark",1973,126,381185
"Summit",1973,199,544675
"Trumbull",1973,79,237291
"Tuscarawas",1973,43,80412
"Union",1973,6,25975
"Van Wert",1973,11,30246
"Vinton",1973,4,10313
"Warren",1973,13,88098
"Washington",1973,20,59286
"Wayne",1973,23,90712
"Williams",1973,10,34990
"Wood",1973,26,97650
"Wyandot",1973,5,22817
"Adams",1974,12,22558
"Allen",1974,41,110676
"Ashland",1974,12,44197
"Ashtabula",1974,37,101077
"Athens",1974,11,54052
"Auglaize",1974,12,40907
"Belmont",1974,61,82211
"Brown",1974,11,29486
"Butler",1974,78,239350
"Carroll",1974,5,24013
"Champaign",1974,12,32325
"Clark",1974,53,155839
"Clermont",1974,33,104895
"Clinton",1974,11,33013
"Columbiana",1974,31,111782
"Coshocton",1974,12,35122
"Crawford",1974,13,51466
"Cuyahoga",1974,701,1616282
"Darke",1974,14,53876
"Defiance",1974,8,37788
"Delaware",1974,16,49587
"Erie",1974,25,78071
"Fairfield",1974,37,81766
"Fayette",1974,12,26702
"Franklin",1974,301,864836
"Fulton",1974,4,35979
"Gallia",1974,13,27282
"Geauga",1974,12,66105
"Greene",1974,27,125865
"Guernsey",1974,15,40384
"Hamilton",1974,467,905183
"Hancock",1974,20,63896
"Hardin",1974,16,32101
"Harrison",1974,4,17832
"Henry",1974,6,28483
"Highland",1974,15,31445
"Hocking",1974,5,22153
"Holmes",1974,3,26675
"Huron",1974,9,52575
"Jackson",1974,11,28835
"Jefferson",1974,41,94330
"Knox",1974,18,43771
"Lake",1974,64,203651
"Lawrence",1974,28,60103
"Licking",1974,42,112351
"Logan",1974,18,37218
"Lorain",1974,72,268253
"Lucas",1974,219,486349
"Madison",1974,8,30829
"Mahoning",1974,136,306291
"Marion",1974,27,67540
"Medina",1974,25,92976
"Meigs",1974,7,21288
"Mercer",1974,15,37647
"Miami",1974,32,87887
"Monroe",1974,6,15881
"Montgomery",1974,243,585166
"Morgan",1974,4,13310
"Morrow",1974,5,25250
"Muskingum",1974,39,80406
"Noble",1974,4,10751
"Ottawa",1974,12,39107
"Paulding",1974,4,20427
"Perry",1974,15,28961
"Pickaway",1974,9,43554
"Pike",1974,6,20465
"Portage",1974,41,132611
"Preble",1974,9,35503
"Putnam",1974,6,32577
"Richland",1974,45,130470
"Ross",1974,19,61616
"Sandusky",1974,17,63012
"Scioto",1974,31,80116
"Seneca",1974,22,62502
"Shelby",1974,10,41079
"Stark",1974,155,382326
"Summit",1974,200,537697
"Trumbull",1974,87,240477
"Tuscarawas",1974,33,80918
"Union",1974,11,28251
"Van Wert",1974,12,29746
"Vinton",1974,8,10333
"Warren",1974,24,88477
"Washington",1974,10,59838
"Wayne",1974,20,91174
"Williams",1974,11,35331
"Wood",1974,26,101014
"Wyandot",1974,6,23148
"Adams",1975,12,22273
"Allen",1975,35,110817
"Ashland",1975,18,44818
"Ashtabula",1975,26,101935
"Athens",1975,20,52233
"Auglaize",1975,12,42454
"Belmont",1975,38,82801
"Brown",1975,10,30048
"Butler",1975,103,240620
"Carroll",1975,6,24330
"Champaign",1975,15,32318
"Clark",1975,75,154520
"Clermont",1975,36,109615
"Clinton",1975,11,33281
"Columbiana",1975,43,112298
"Coshocton",1975,14,35741
"Crawford",1975,24,51174
"Cuyahoga",1975,728,1595198
"Darke",1975,25,54269
"Defiance",1975,4,38126
"Delaware",1975,17,49367
"Erie",1975,28,78392
"Fairfield",1975,28,84076
"Fayette",1975,7,26641
"Franklin",1975,328,867442
"Fulton",1975,14,35889
"Gallia",1975,13,28853
"Geauga",1975,14,67732
"Greene",1975,26,125767
"Guernsey",1975,19,40557
"Hamilton",1975,430,892969
"Hancock",1975,15,63888
"Hardin",1975,12,32064
"Harrison",1975,14,17685
"Henry",1975,11,28408
"Highland",1975,16,31322
"Hocking",1975,11,22322
"Holmes",1975,3,27350
"Huron",1975,19,53732
"Jackson",1975,14,29443
"Jefferson",1975,45,94755
"Knox",1975,19,44454
"Lake",1975,62,209085
"Lawrence",1975,45,59133
"Licking",1975,52,115493
"Logan",1975,17,38131
"Lorain",1975,97,268486
"Lucas",1975,249,484940
"Madison",1975,5,32344
"Mahoning",1975,139,289591
"Marion",1975,33,67843
"Medina",1975,24,96819
"Meigs",1975,14,21537
"Mercer",1975,21,37978
"Miami",1975,39,88455
"Monroe",1975,8,15839
"Montgomery",1975,268,583121
"Morgan",1975,5,13448
"Morrow",1975,8,25974
"Muskingum",1975,34,81894
"Noble",1975,5,11134
"Ottawa",1975,24,40023
"Paulding",1975,3,20807
"Perry",1975,12,30410
"Pickaway",1975,13,44317
"Pike",1975,5,21126
"Portage",1975,34,132523
"Preble",1975,12,36175
"Putnam",1975,8,33279
"Richland",1975,48,130963
"Ross",1975,18,62465
"Sandusky",1975,17,63866
"Scioto",1975,40,81275
"Seneca",1975,25,62259
"Shelby",1975,11,41667
"Stark",1975,157,377968
"Summit",1975,225,540074
"Trumbull",1975,75,243923
"Tuscarawas",1975,47,81885
"Union",1975,11,27682
"Van Wert",1975,18,29656
"Vinton",1975,4,10425
"Warren",1975,29,88513
"Washington",1975,20,61101
"Wayne",1975,31,94728
"Williams",1975,9,35238
"Wood",1975,32,99552
"Wyandot",1975,9,23259
"Adams",1976,10,23193
"Allen",1976,54,109791
"Ashland",1976,15,44494
"Ashtabula",1976,40,101116
"Athens",1976,25,51508
"Auglaize",1976,20,41319
"Belmont",1976,39,83259
"Brown",1976,14,30025
"Butler",1976,105,241318
"Carroll",1976,7,24722
"Champaign",1976,13,32873
"Clark",1976,76,151657
"Clermont",1976,33,111781
"Clinton",1976,11,33537
"Columbiana",1976,49,112805
"Coshocton",1976,13,35328
"Crawford",1976,25,51186
"Cuyahoga",1976,760,1578170
"Darke",1976,16,55189
"Defiance",1976,9,38396
"Delaware",1976,15,49834
"Erie",1976,40,78246
"Fairfield",1976,36,85472
"Fayette",1976,11,26974
"Franklin",1976,338,868966
"Fulton",1976,12,36503
"Gallia",1976,13,28709
"Geauga",1976,15,67838
"Greene",1976,37,127975
"Guernsey",1976,20,40304
"Hamilton",1976,492,894106
"Hancock",1976,24,63869
"Hardin",1976,17,32422
"Harrison",1976,6,17561
"Henry",1976,11,28346
"Highland",1976,20,32808
"Hocking",1976,6,22904
"Holmes",1976,9,27875
"Huron",1976,15,53452
"Jackson",1976,22,30149
"Jefferson",1976,53,93747
"Knox",1976,20,44382
"Lake",1976,62,209714
"Lawrence",1976,15,61393
"Licking",1976,50,115142
"Logan",1976,23,38207
"Lorain",1976,93,265032
"Lucas",1976,246,477884
"Madison",1976,10,32077
"Mahoning",1976,144,297632
"Marion",1976,26,67342
"Medina",1976,25,99093
"Meigs",1976,12,21899
"Mercer",1976,11,37789
"Miami",1976,40,88480
"Monroe",1976,6,15955
"Montgomery",1976,266,577371
"Morgan",1976,8,13540
"Morrow",1976,9,25878
"Muskingum",1976,42,82021
"Noble",1976,5,11172
"Ottawa",1976,19,39068
"Paulding",1976,5,20602
"Perry",1976,15,29765
"Pickaway",1976,14,43964
"Pike",1976,11,21394
"Portage",1976,35,133569
"Preble",1976,12,36532
"Putnam",1976,15,33759
"Richland",1976,54,131303
"Ross",1976,17,62384
"Sandusky",1976,19,63485
"Scioto",1976,38,85006
"Seneca",1976,29,61934
"Shelby",1976,18,41542
"Stark",1976,179,375740
"Summit",1976,206,534232
"Trumbull",1976,94,239970
"Tuscarawas",1976,30,82672
"Union",1976,8,28294
"Van Wert",1976,11,29557
"Vinton",1976,3,10416
"Warren",1976,29,91149
"Washington",1976,23,60848
"Wayne",1976,22,94097
"Williams",1976,15,35323
"Wood",1976,25,100495
"Wyandot",1976,4,23065
"Adams",1977,7,23562
"Allen",1977,63,110487
"Ashland",1977,15,44708
"Ashtabula",1977,41,101545
"Athens",1977,18,53994
"Auglaize",1977,18,41524
"Belmont",1977,46,82514
"Brown",1977,11,30597
"Butler",1977,104,246005
"Carroll",1977,10,25171
"Champaign",1977,16,33181
"Clark",1977,71,150800
"Clermont",1977,44,115394
"Clinton",1977,14,33992
"Columbiana",1977,53,113792
"Coshocton",1977,15,35299
"Crawford",1977,17,50859
"Cuyahoga",1977,786,1558647
"Darke",1977,25,55031
"Defiance",1977,12,38898
"Delaware",1977,12,50816
"Erie",1977,34,78439
"Fairfield",1977,36,86447
"Fayette",1977,10,27131
"Franklin",1977,350,875089
"Fulton",1977,2,37131
"Gallia",1977,12,30130
"Geauga",1977,24,70373
"Greene",1977,46,128552
"Guernsey",1977,20,40228
"Hamilton",1977,536,890008
"Hancock",1977,14,64064
"Hardin",1977,24,32353
"Harrison",1977,7,17331
"Henry",1977,10,28420
"Highland",1977,17,33287
"Hocking",1977,10,23188
"Holmes",1977,5,28698
"Huron",1977,16,53928
"Jackson",1977,18,30078
"Jefferson",1977,56,93223
"Knox",1977,18,45221
"Lake",1977,75,209768
"Lawrence",1977,37,61949
"Licking",1977,55,116310
"Logan",1977,23,38386
"Lorain",1977,91,270737
"Lucas",1977,205,474495
"Madison",1977,20,31969
"Mahoning",1977,138,297033
"Marion",1977,37,66949
"Medina",1977,32,103102
"Meigs",1977,10,22138
"Mercer",1977,11,38249
"Miami",1977,58,88980
"Monroe",1977,1,16279
"Montgomery",1977,276,571005
"Morgan",1977,2,13437
"Morrow",1977,7,26465
"Muskingum",1977,50,83031
"Noble",1977,5,11185
"Ottawa",1977,20,40076
"Paulding",1977,5,20783
"Perry",1977,13,30208
"Pickaway",1977,16,44104
"Pike",1977,5,21615
"Portage",1977,38,133367
"Preble",1977,11,36839
"Putnam",1977,8,33526
"Richland",1977,48,130581
"Ross",1977,38,63698
"Sandusky",1977,26,63787
"Scioto",1977,32,84500
"Seneca",1977,31,62251
"Shelby",1977,11,42084
"Stark",1977,137,376118
"Summit",1977,248,528581
"Trumbull",1977,76,241863
"Tuscarawas",1977,46,82977
"Union",1977,8,31013
"Van Wert",1977,16,30308
"Vinton",1977,3,10792
"Warren",1977,29,93554
"Washington",1977,26,61521
"Wayne",1977,24,94157
"Williams",1977,10,35555
"Wood",1977,30,101988
"Wyandot",1977,10,22869
"Adams",1978,13,23917
"Allen",1978,42,109901
"Ashland",1978,13,45323
"Ashtabula",1978,49,102462
"Athens",1978,30,55134
"Auglaize",1978,11,42054
"Belmont",1978,35,82174
"Brown",1978,16,31292
"Butler",1978,123,251343
"Carroll",1978,9,25719
"Champaign",1978,13,33406
"Clark",1978,64,150634
"Clermont",1978,58,120652
"Clinton",1978,17,34397
"Columbiana",1978,48,114611
"Coshocton",1978,15,35469
"Crawford",1978,30,51407
"Cuyahoga",1978,781,1538724
"Darke",1978,25,54691
"Defiance",1978,10,39179
"Delaware",1978,20,51953
"Erie",1978,39,78711
"Fairfield",1978,40,88739
"Fayette",1978,13,27034
"Franklin",1978,357,877061
"Fulton",1978,13,37493
"Gallia",1978,17,29712
"Geauga",1978,15,73210
"Greene",1978,47,129345
"Guernsey",1978,20,40484
"Hamilton",1978,483,886806
"Hancock",1978,17,64856
"Hardin",1978,13,32591
"Harrison",1978,8,17338
"Henry",1978,8,28986
"Highland",1978,19,33419
"Hocking",1978,9,23266
"Holmes",1978,5,29462
"Huron",1978,29,54336
"Jackson",1978,19,30056
"Jefferson",1978,60,92460
"Knox",1978,14,46228
"Lake",1978,81,210956
"Lawrence",1978,33,62430
"Licking",1978,47,118681
"Logan",1978,17,38807
"Lorain",1978,88,275435
"Lucas",1978,235,469325
"Madison",1978,14,32216
"Mahoning",1978,158,292495
"Marion",1978,41,66794
"Medina",1978,32,107733
"Meigs",1978,9,22327
"Mercer",1978,14,38319
"Miami",1978,28,89888
"Monroe",1978,6,16550
"Montgomery",1978,279,569496
"Morgan",1978,7,13645
"Morrow",1978,8,26674
"Muskingum",1978,59,83000
"Noble",1978,5,11183
"Ottawa",1978,14,40502
"Paulding",1978,12,21008
"Perry",1978,14,30858
"Pickaway",1978,9,44333
"Pike",1978,8,22132
"Portage",1978,33,134325
"Preble",1978,13,37183
"Putnam",1978,8,33213
"Richland",1978,52,130900
"Ross",1978,33,64553
"Sandusky",1978,31,64040
"Scioto",1978,34,83868
"Seneca",1978,29,62626
"Shelby",1978,13,42773
"Stark",1978,157,378316
"Summit",1978,246,523969
"Trumbull",1978,91,244996
"Tuscarawas",1978,30,83338
"Union",1978,10,29404
"Van Wert",1978,9,30489
"Vinton",1978,3,10995
"Warren",1978,33,96229
"Washington",1978,26,62727
"Wayne",1978,24,95511
"Williams",1978,8,35918
"Wood",1978,22,104134
"Wyandot",1978,16,22785
"Adams",1979,5,23948
"Allen",1979,76,111387
"Ashland",1979,11,45781
"Ashtabula",1979,38,103767
"Athens",1979,30,55189
"Auglaize",1979,18,42474
"Belmont",1979,40,83336
"Brown",1979,7,31552
"Butler",1979,91,256571
"Carroll",1979,12,25553
"Champaign",1979,12,33875
"Clark",1979,60,150905
"Clermont",1979,51,124709
"Clinton",1979,11,34598
"Columbiana",1979,55,113822
"Coshocton",1979,13,35783
"Crawford",1979,23,50749
"Cuyahoga",1979,825,1517979
"Darke",1979,22,55547
"Defiance",1979,15,39934
"Delaware",1979,25,53600
"Erie",1979,33,78315
"Fairfield",1979,41,91423
"Fayette",1979,15,27453
"Franklin",1979,402,878354
"Fulton",1979,12,37721
"Gallia",1979,20,29464
"Geauga",1979,20,73538
"Greene",1979,49,129791
"Guernsey",1979,17,41064
"Hamilton",1979,528,881168
"Hancock",1979,24,64667
"Hardin",1979,11,32320
"Harrison",1979,7,17769
"Henry",1979,6,28560
"Highland",1979,24,33456
"Hocking",1979,9,23962
"Holmes",1979,4,29529
"Huron",1979,26,54590
"Jackson",1979,21,30378
"Jefferson",1979,57,91052
"Knox",1979,25,46692
"Lake",1979,87,212405
"Lawrence",1979,35,63166
"Licking",1979,57,119933
"Logan",1979,11,38867
"Lorain",1979,121,273049
"Lucas",1979,280,472282
"Madison",1979,10,32470
"Mahoning",1979,137,289471
"Marion",1979,25,67209
"Medina",1979,27,111242
"Meigs",1979,19,22959
"Mercer",1979,16,38326
"Miami",1979,44,90353
"Monroe",1979,7,17119
"Montgomery",1979,259,572382
"Morgan",1979,7,13907
"Morrow",1979,9,26957
"Muskingum",1979,49,83311
"Noble",1979,6,11162
"Ottawa",1979,10,40552
"Paulding",1979,13,21259
"Perry",1979,10,30910
"Pickaway",1979,27,44077
"Pike",1979,8,22397
"Portage",1979,38,134256
"Preble",1979,13,37848
"Putnam",1979,11,34357
"Richland",1979,45,130231
"Ross",1979,27,64850
"Sandusky",1979,23,63737
"Scioto",1979,41,84442
"Seneca",1979,19,62674
"Shelby",1979,9,43056
"Stark",1979,182,377507
"Summit",1979,247,526662
"Trumbull",1979,91,241424
"Tuscarawas",1979,28,84041
"Union",1979,4,29408
"Van Wert",1979,9,30443
"Vinton",1979,6,11338
"Warren",1979,43,98221
"Washington",1979,20,63759
"Wayne",1979,36,97328
"Williams",1979,10,36083
"Wood",1979,28,106035
"Wyandot",1979,7,22804
"Adams",1980,14,24305
"Allen",1980,46,111850
"Ashland",1980,22,46121
"Ashtabula",1980,58,103685
"Athens",1980,25,56429
"Auglaize",1980,17,42491
"Belmont",1980,54,82246
"Brown",1980,21,31977
"Butler",1980,135,258877
"Carroll",1980,7,25491
"Champaign",1980,17,33544
"Clark",1980,99,149783
"Clermont",1980,62,128713
"Clinton",1980,11,34535
"Columbiana",1980,51,113124
"Coshocton",1980,22,35958
"Crawford",1980,28,49919
"Cuyahoga",1980,917,1491686
"Darke",1980,18,54782
"Defiance",1980,12,39768
"Delaware",1980,17,53872
"Erie",1980,41,79327
"Fairfield",1980,33,93630
"Fayette",1980,14,27322
"Franklin",1980,402,868797
"Fulton",1980,9,37676
"Gallia",1980,15,30051
"Geauga",1980,22,74242
"Greene",1980,44,129421
"Guernsey",1980,22,41935
"Hamilton",1980,583,871090
"Hancock",1980,29,64375
"Hardin",1980,18,32593
"Harrison",1980,8,17987
"Henry",1980,7,28277
"Highland",1980,25,33506
"Hocking",1980,14,24234
"Holmes",1980,3,29388
"Huron",1980,25,54519
"Jackson",1980,22,30481
"Jefferson",1980,55,91051
"Knox",1980,15,46228
"Lake",1980,101,212138
"Lawrence",1980,39,63644
"Licking",1980,69,121054
"Logan",1980,19,39069
"Lorain",1980,115,273724
"Lucas",1980,243,470235
"Madison",1980,10,33024
"Mahoning",1980,142,288040
"Marion",1980,27,67657
"Medina",1980,38,112964
"Meigs",1980,12,23529
"Mercer",1980,12,38226
"Miami",1980,48,90168
"Monroe",1980,4,17287
"Montgomery",1980,314,570223
"Morgan",1980,8,14190
"Morrow",1980,16,26419
"Muskingum",1980,54,83215
"Noble",1980,3,11273
"Ottawa",1980,15,39955
"Paulding",1980,11,21191
"Perry",1980,21,31000
"Pickaway",1980,23,43432
"Pike",1980,14,22908
"Portage",1980,37,135770
"Preble",1980,24,38066
"Putnam",1980,13,32962
"Richland",1980,62,130722
"Ross",1980,23,64945
"Sandusky",1980,27,63026
"Scioto",1980,54,84244
"Seneca",1980,30,61590
"Shelby",1980,19,43034
"Stark",1980,197,377634
"Summit",1980,277,522227
"Trumbull",1980,114,241115
"Tuscarawas",1980,36,84476
"Union",1980,17,29528
"Van Wert",1980,13,30321
"Vinton",1980,5,11502
"Warren",1980,33,99196
"Washington",1980,26,64064
"Wayne",1980,27,97179
"Williams",1980,17,36296
"Wood",1980,32,107345
"Wyandot",1980,7,22618
"Adams",1981,12,24661
"Allen",1981,53,111763
"Ashland",1981,18,46445
"Ashtabula",1981,56,103457
"Athens",1981,33,57108
"Auglaize",1981,20,42760
"Belmont",1981,64,82242
"Brown",1981,12,32666
"Butler",1981,129,262312
"Carroll",1981,12,25647
"Champaign",1981,14,33476
"Clark",1981,80,149646
"Clermont",1981,71,131621
"Clinton",1981,16,34610
"Columbiana",1981,63,113142
"Coshocton",1981,13,36247
"Crawford",1981,21,49919
"Cuyahoga",1981,913,1481287
"Darke",1981,18,54469
"Defiance",1981,13,39635
"Delaware",1981,10,54737
"Erie",1981,32,79260
"Fairfield",1981,38,95011
"Fayette",1981,22,27239
"Franklin",1981,431,877791
"Fulton",1981,15,37857
"Gallia",1981,17,30164
"Geauga",1981,29,74526
"Greene",1981,44,129915
"Guernsey",1981,24,41993
"Hamilton",1981,542,871895
"Hancock",1981,22,64665
"Hardin",1981,15,32575
"Harrison",1981,12,17721
"Henry",1981,13,28150
"Highland",1981,13,34009
"Hocking",1981,14,24292
"Holmes",1981,8,29902
"Huron",1981,28,54706
"Jackson",1981,12,30290
"Jefferson",1981,68,90572
"Knox",1981,22,46575
"Lake",1981,83,213482
"Lawrence",1981,26,63682
"Licking",1981,72,122894
"Logan",1981,31,39268
"Lorain",1981,110,273797
"Lucas",1981,282,469879
"Madison",1981,13,33544
"Mahoning",1981,159,286390
"Marion",1981,36,67577
"Medina",1981,40,114372
"Meigs",1981,14,23561
"Mercer",1981,15,38352
"Miami",1981,37,90442
"Monroe",1981,7,17127
"Montgomery",1981,306,569946
"Morgan",1981,8,14220
"Morrow",1981,16,26787
"Muskingum",1981,59,83731
"Noble",1981,2,11253
"Ottawa",1981,21,40112
"Paulding",1981,15,21137
"Perry",1981,15,31387
"Pickaway",1981,15,43347
"Pike",1981,10,23697
"Portage",1981,49,137532
"Preble",1981,13,38079
"Putnam",1981,14,33320
"Richland",1981,66,130776
"Ross",1981,33,65570
"Sandusky",1981,23,62764
"Scioto",1981,38,84068
"Seneca",1981,17,61206
"Shelby",1981,21,43481
"Stark",1981,183,378207
"Summit",1981,253,520096
"Trumbull",1981,112,241243
"Tuscarawas",1981,40,85085
"Union",1981,9,29843
"Van Wert",1981,12,30211
"Vinton",1981,7,11380
"Warren",1981,37,100297
"Washington",1981,34,64320
"Wayne",1981,28,97997
"Williams",1981,23,36380
"Wood",1981,30,108890
"Wyandot",1981,11,22581
"Adams",1982,15,24644
"Allen",1982,47,109920
"Ashland",1982,20,46361
"Ashtabula",1982,53,102783
"Athens",1982,24,57205
"Auglaize",1982,23,42881
"Belmont",1982,47,81885
"Brown",1982,22,32994
"Butler",1982,138,262237
"Carroll",1982,14,25791
"Champaign",1982,20,33599
"Clark",1982,88,148059
"Clermont",1982,59,133244
"Clinton",1982,15,34500
"Columbiana",1982,64,113158
"Coshocton",1982,13,36175
"Crawford",1982,37,49385
"Cuyahoga",1982,909,1470321
"Darke",1982,23,53558
"Defiance",1982,12,39059
"Delaware",1982,24,55411
"Erie",1982,36,78345
"Fairfield",1982,48,95235
"Fayette",1982,15,27309
"Franklin",1982,451,881702
"Fulton",1982,8,37725
"Gallia",1982,12,29749
"Geauga",1982,36,74538
"Greene",1982,36,130247
"Guernsey",1982,31,41683
"Hamilton",1982,554,869976
"Hancock",1982,24,64954
"Hardin",1982,18,32234
"Harrison",1982,20,17548
"Henry",1982,12,28030
"Highland",1982,17,33801
"Hocking",1982,15,24096
"Holmes",1982,9,30094
"Huron",1982,23,54393
"Jackson",1982,19,30130
"Jefferson",1982,65,89957
"Knox",1982,27,47058
"Lake",1982,94,214460
"Lawrence",1982,45,62837
"Licking",1982,57,123706
"Logan",1982,24,39047
"Lorain",1982,136,273084
"Lucas",1982,277,467708
"Madison",1982,14,34021
"Mahoning",1982,163,283431
"Marion",1982,41,67242
"Medina",1982,36,114717
"Meigs",1982,12,23676
"Mercer",1982,14,38556
"Miami",1982,49,89984
"Monroe",1982,6,17000
"Montgomery",1982,325,566395
"Morgan",1982,4,14278
"Morrow",1982,6,26706
"Muskingum",1982,44,84417
"Noble",1982,5,11274
"Ottawa",1982,18,39774
"Paulding",1982,8,20879
"Perry",1982,25,31363
"Pickaway",1982,23,42900
"Pike",1982,10,24369
"Portage",1982,66,137343
"Preble",1982,21,37806
"Putnam",1982,9,33181
"Richland",1982,63,129579
"Ross",1982,28,65676
"Sandusky",1982,26,62244
"Scioto",1982,56,84267
"Seneca",1982,28,61064
"Shelby",1982,19,43502
"Stark",1982,188,377652
"Summit",1982,282,517163
"Trumbull",1982,111,239941
"Tuscarawas",1982,54,85280
"Union",1982,9,30303
"Van Wert",1982,17,29949
"Vinton",1982,7,11331
"Warren",1982,40,100896
"Washington",1982,30,64462
"Wayne",1982,30,98720
"Williams",1982,10,36036
"Wood",1982,30,109045
"Wyandot",1982,5,22490
"Adams",1983,9,24385
"Allen",1983,62,108996
"Ashland",1983,27,45994
"Ashtabula",1983,59,101750
"Athens",1983,21,57075
"Auglaize",1983,16,42689
"Belmont",1983,45,81984
"Brown",1983,27,32979
"Butler",1983,150,260641
"Carroll",1983,16,26085
"Champaign",1983,19,33324
"Clark",1983,73,147078
"Clermont",1983,51,133919
"Clinton",1983,19,34359
"Columbiana",1983,62,112319
"Coshocton",1983,18,36036
"Crawford",1983,21,48614
"Cuyahoga",1983,940,1468625
"Darke",1983,23,53482
"Defiance",1983,10,38575
"Delaware",1983,27,55729
"Erie",1983,40,77417
"Fairfield",1983,53,94742
"Fayette",1983,15,27539
"Franklin",1983,478,884464
"Fulton",1983,16,37713
"Gallia",1983,15,29783
"Geauga",1983,25,74379
"Greene",1983,57,129412
"Guernsey",1983,32,41424
"Hamilton",1983,568,865196
"Hancock",1983,41,64890
"Hardin",1983,25,31687
"Harrison",1983,22,17392
"Henry",1983,2,28166
"Highland",1983,24,33687
"Hocking",1983,15,24433
"Holmes",1983,5,30268
"Huron",1983,18,54354
"Jackson",1983,14,30319
"Jefferson",1983,54,88025
"Knox",1983,28,47031
"Lake",1983,114,213837
"Lawrence",1983,36,62890
"Licking",1983,68,123486
"Logan",1983,24,39195
"Lorain",1983,125,270924
"Lucas",1983,292,465203
"Madison",1983,24,34529
"Mahoning",1983,148,282781
"Marion",1983,37,66734
"Medina",1983,34,114761
"Meigs",1983,9,23545
"Mercer",1983,14,38447
"Miami",1983,63,89072
"Monroe",1983,7,16784
"Montgomery",1983,345,562384
"Morgan",1983,7,14169
"Morrow",1983,13,26522
"Muskingum",1983,59,83777
"Noble",1983,5,11181
"Ottawa",1983,26,39655
"Paulding",1983,9,20806
"Perry",1983,20,31022
"Pickaway",1983,21,42300
"Pike",1983,20,24637
"Portage",1983,55,136635
"Preble",1983,27,37994
"Putnam",1983,13,33054
"Richland",1983,59,128264
"Ross",1983,34,66069
"Sandusky",1983,24,61803
"Scioto",1983,44,84723
"Seneca",1983,36,61109
"Shelby",1983,30,43020
"Stark",1983,206,375377
"Summit",1983,310,513708
"Trumbull",1983,133,237249
"Tuscarawas",1983,57,85237
"Union",1983,14,30167
"Van Wert",1983,13,29699
"Vinton",1983,13,11383
"Warren",1983,42,100762
"Washington",1983,32,64710
"Wayne",1983,30,98746
"Williams",1983,13,35859
"Wood",1983,44,107907
"Wyandot",1983,10,22396
"Adams",1984,12,24307
"Allen",1984,69,109889
"Ashland",1984,25,46286
"Ashtabula",1984,56,101440
"Athens",1984,38,57300
"Auglaize",1984,35,43300
"Belmont",1984,55,81017
"Brown",1984,24,33520
"Butler",1984,141,264820
"Carroll",1984,17,26433
"Champaign",1984,18,33390
"Clark",1984,87,146861
"Clermont",1984,75,135984
"Clinton",1984,17,34613
"Columbiana",1984,74,111641
"Coshocton",1984,15,36241
"Crawford",1984,26,49150
"Cuyahoga",1984,923,1463525
"Darke",1984,24,53819
"Defiance",1984,16,38388
"Delaware",1984,14,56528
"Erie",1984,42,77602
"Fairfield",1984,33,95254
"Fayette",1984,14,27463
"Franklin",1984,444,892418
"Fulton",1984,18,38099
"Gallia",1984,10,30048
"Geauga",1984,20,74485
"Greene",1984,50,128887
"Guernsey",1984,19,41246
"Hamilton",1984,642,865815
"Hancock",1984,27,65521
"Hardin",1984,15,31714
"Harrison",1984,7,16916
"Henry",1984,12,28320
"Highland",1984,24,34163
"Hocking",1984,18,24693
"Holmes",1984,6,30344
"Huron",1984,21,54922
"Jackson",1984,14,30322
"Jefferson",1984,68,87432
"Knox",1984,26,47170
"Lake",1984,103,213190
"Lawrence",1984,41,63224
"Licking",1984,84,123901
"Logan",1984,20,39586
"Lorain",1984,124,270238
"Lucas",1984,243,462892
"Madison",1984,20,34249
"Mahoning",1984,147,280329
"Marion",1984,26,66436
"Medina",1984,41,115305
"Meigs",1984,14,23616
"Mercer",1984,9,38570
"Miami",1984,39,89047
"Monroe",1984,7,16628
"Montgomery",1984,326,564438
"Morgan",1984,6,14185
"Morrow",1984,9,26756
"Muskingum",1984,62,84376
"Noble",1984,10,11226
"Ottawa",1984,25,39641
"Paulding",1984,11,20727
"Perry",1984,23,31451
"Pickaway",1984,24,42594
"Pike",1984,17,24867
"Portage",1984,65,136351
"Preble",1984,21,38712
"Putnam",1984,10,33436
"Richland",1984,66,129339
"Ross",1984,36,67414
"Sandusky",1984,25,62370
"Scioto",1984,70,84275
"Seneca",1984,39,61404
"Shelby",1984,23,43392
"Stark",1984,198,375402
"Summit",1984,302,512121
"Trumbull",1984,114,235835
"Tuscarawas",1984,37,85506
"Union",1984,11,30542
"Van Wert",1984,17,29900
"Vinton",1984,3,11552
"Warren",1984,42,101915
"Washington",1984,39,64559
"Wayne",1984,31,99318
"Williams",1984,17,36278
"Wood",1984,37,108497
"Wyandot",1984,16,22584
"Adams",1985,20,24423
"Allen",1985,53,110251
"Ashland",1985,34,46441
"Ashtabula",1985,56,101402
"Athens",1985,21,57435
"Auglaize",1985,22,43539
"Belmont",1985,44,79507
"Brown",1985,19,34218
"Butler",1985,139,267923
"Carroll",1985,11,26607
"Champaign",1985,19,33733
"Clark",1985,92,146733
"Clermont",1985,94,138164
"Clinton",1985,26,34600
"Columbiana",1985,65,110932
"Coshocton",1985,11,35813
"Crawford",1985,35,49086
"Cuyahoga",1985,937,1454155
"Darke",1985,37,53899
"Defiance",1985,12,39022
"Delaware",1985,24,57335
"Erie",1985,40,77340
"Fairfield",1985,54,96024
"Fayette",1985,16,27443
"Franklin",1985,524,898729
"Fulton",1985,9,38304
"Gallia",1985,6,30066
"Geauga",1985,20,74778
"Greene",1985,71,129445
"Guernsey",1985,22,40677
"Hamilton",1985,639,865708
"Hancock",1985,31,65895
"Hardin",1985,26,31718
"Harrison",1985,7,16653
"Henry",1985,23,28399
"Highland",1985,25,34315
"Hocking",1985,18,24579
"Holmes",1985,8,30647
"Huron",1985,21,54798
"Jackson",1985,15,30386
"Jefferson",1985,56,86569
"Knox",1985,26,47428
"Lake",1985,127,212139
"Lawrence",1985,37,62443
"Licking",1985,61,124548
"Logan",1985,25,39863
"Lorain",1985,124,269978
"Lucas",1985,308,462723
"Madison",1985,21,34634
"Mahoning",1985,183,278505
"Marion",1985,40,66009
"Medina",1985,45,115573
"Meigs",1985,17,23732
"Mercer",1985,15,38831
"Miami",1985,48,89093
"Monroe",1985,6,16397
"Montgomery",1985,341,565284
"Morgan",1985,11,14152
"Morrow",1985,12,26982
"Muskingum",1985,60,84206
"Noble",1985,9,11454
"Ottawa",1985,28,39743
"Paulding",1985,6,20787
"Perry",1985,23,31569
"Pickaway",1985,22,44926
"Pike",1985,8,25084
"Portage",1985,58,136172
"Preble",1985,22,38967
"Putnam",1985,12,33343
"Richland",1985,50,129228
"Ross",1985,29,67714
"Sandusky",1985,34,62081
"Scioto",1985,56,83197
"Seneca",1985,25,61772
"Shelby",1985,22,43753
"Stark",1985,205,374180
"Summit",1985,292,508637
"Trumbull",1985,139,234767
"Tuscarawas",1985,58,85504
"Union",1985,10,30877
"Van Wert",1985,13,29995
"Vinton",1985,6,11435
"Warren",1985,55,102771
"Washington",1985,27,64351
"Wayne",1985,46,100142
"Williams",1985,17,36594
"Wood",1985,55,109481
"Wyandot",1985,10,22645
"Adams",1986,12,24767
"Allen",1986,65,110745
"Ashland",1986,19,46030
"Ashtabula",1986,50,100011
"Athens",1986,15,57599
"Auglaize",1986,23,43653
"Belmont",1986,50,76752
"Brown",1986,23,34243
"Butler",1986,164,271033
"Carroll",1986,8,26566
"Champaign",1986,19,34301
"Clark",1986,95,146879
"Clermont",1986,80,140438
"Clinton",1986,19,34798
"Columbiana",1986,68,108259
"Coshocton",1986,28,35707
"Crawford",1986,30,48613
"Cuyahoga",1986,953,1453242
"Darke",1986,28,53468
"Defiance",1986,25,39062
"Delaware",1986,23,58857
"Erie",1986,43,77019
"Fairfield",1986,51,97550
"Fayette",1986,23,27422
"Franklin",1986,499,910990
"Fulton",1986,7,37761
"Gallia",1986,16,29918
"Geauga",1986,38,76348
"Greene",1986,50,130328
"Guernsey",1986,18,39672
"Hamilton",1986,572,873015
"Hancock",1986,33,65200
"Hardin",1986,19,31431
"Harrison",1986,16,16248
"Henry",1986,16,28232
"Highland",1986,19,34482
"Hocking",1986,10,24704
"Holmes",1986,9,30449
"Huron",1986,33,55313
"Jackson",1986,15,30086
"Jefferson",1986,71,83494
"Knox",1986,23,46995
"Lake",1986,111,212972
"Lawrence",1986,33,62212
"Licking",1986,76,124488
"Logan",1986,24,39848
"Lorain",1986,137,267556
"Lucas",1986,305,463303
"Madison",1986,12,35020
"Mahoning",1986,200,273796
"Marion",1986,50,64906
"Medina",1986,31,115314
"Meigs",1986,15,23659
"Mercer",1986,15,38450
"Miami",1986,47,89631
"Monroe",1986,6,15717
"Montgomery",1986,374,567113
"Morgan",1986,11,14072
"Morrow",1986,10,26987
"Muskingum",1986,45,83169
"Noble",1986,7,11272
"Ottawa",1986,14,39700
"Paulding",1986,11,20663
"Perry",1986,25,31592
"Pickaway",1986,23,45582
"Pike",1986,11,24595
"Portage",1986,44,136974
"Preble",1986,26,38674
"Putnam",1986,16,33324
"Richland",1986,79,127850
"Ross",1986,25,66928
"Sandusky",1986,33,61732
"Scioto",1986,71,81676
"Seneca",1986,31,61207
"Shelby",1986,21,43819
"Stark",1986,217,370686
"Summit",1986,293,507995
"Trumbull",1986,143,230959
"Tuscarawas",1986,49,84048
"Union",1986,14,31518
"Van Wert",1986,15,29521
"Vinton",1986,7,11511
"Warren",1986,40,104817
"Washington",1986,40,63672
"Wayne",1986,38,100282
"Williams",1986,13,36050
"Wood",1986,40,109355
"Wyandot",1986,11,22137
"Adams",1987,16,25234
"Allen",1987,69,111458
"Ashland",1987,28,46381
"Ashtabula",1987,53,99422
"Athens",1987,27,58292
"Auglaize",1987,19,43941
"Belmont",1987,62,76317
"Brown",1987,30,34894
"Butler",1987,159,276105
"Carroll",1987,19,26688
"Champaign",1987,11,34797
"Clark",1987,114,147227
"Clermont",1987,89,144116
"Clinton",1987,22,35401
"Columbiana",1987,67,108194
"Coshocton",1987,13,35845
"Crawford",1987,24,48652
"Cuyahoga",1987,952,1444257
"Darke",1987,28,53631
"Defiance",1987,16,39270
"Delaware",1987,28,59976
"Erie",1987,32,77036
"Fairfield",1987,54,99228
"Fayette",1987,17,27524
"Franklin",1987,488,921955
"Fulton",1987,16,38121
"Gallia",1987,19,30294
"Geauga",1987,28,76979
"Greene",1987,60,131924
"Guernsey",1987,33,39591
"Hamilton",1987,593,873976
"Hancock",1987,36,65449
"Hardin",1987,20,31740
"Harrison",1987,12,15659
"Henry",1987,9,28323
"Highland",1987,21,35147
"Hocking",1987,17,25080
"Holmes",1987,6,30399
"Huron",1987,23,55743
"Jackson",1987,26,30333
"Jefferson",1987,68,82533
"Knox",1987,27,47467
"Lake",1987,108,213431
"Lawrence",1987,46,62280
"Licking",1987,61,125243
"Logan",1987,30,40476
"Lorain",1987,136,268043
"Lucas",1987,290,463086
"Madison",1987,15,35418
"Mahoning",1987,163,272251
"Marion",1987,40,64974
"Medina",1987,40,116904
"Meigs",1987,19,23746
"Mercer",1987,12,38802
"Miami",1987,44,90178
"Monroe",1987,8,15471
"Montgomery",1987,361,569400
"Morgan",1987,13,14134
"Morrow",1987,14,27276
"Muskingum",1987,75,83458
"Noble",1987,2,11301
"Ottawa",1987,26,39622
"Paulding",1987,14,20920
"Perry",1987,14,31848
"Pickaway",1987,26,46021
"Pike",1987,13,24937
"Portage",1987,62,137565
"Preble",1987,18,39149
"Putnam",1987,14,33548
"Richland",1987,79,127937
"Ross",1987,36,67566
"Sandusky",1987,22,61805
"Scioto",1987,58,81663
"Seneca",1987,41,61623
"Shelby",1987,16,44076
"Stark",1987,244,369864
"Summit",1987,323,508761
"Trumbull",1987,146,229417
"Tuscarawas",1987,38,84202
"Union",1987,12,31967
"Van Wert",1987,17,29634
"Vinton",1987,9,11497
"Warren",1987,56,107392
"Washington",1987,40,63694
"Wayne",1987,45,101383
"Williams",1987,22,36448
"Wood",1987,45,109821
"Wyandot",1987,21,22214
"Adams",1988,15,25542
"Allen",1988,58,111868
"Ashland",1988,30,46508
"Ashtabula",1988,65,98559
"Athens",1988,24,58653
"Auglaize",1988,22,44194
"Belmont",1988,70,75003
"Brown",1988,23,35426
"Butler",1988,158,279860
"Carroll",1988,10,26710
"Champaign",1988,21,35193
"Clark",1988,105,147350
"Clermont",1988,75,146788
"Clinton",1988,24,35669
"Columbiana",1988,60,107217
"Coshocton",1988,19,35826
"Crawford",1988,31,48540
"Cuyahoga",1988,993,1438103
"Darke",1988,35,53598
"Defiance",1988,22,39484
"Delaware",1988,22,61171
"Erie",1988,54,76844
"Fairfield",1988,45,100459
"Fayette",1988,18,27600
"Franklin",1988,543,932817
"Fulton",1988,11,38171
"Gallia",1988,29,30450
"Geauga",1988,30,77823
"Greene",1988,52,132691
"Guernsey",1988,27,39132
"Hamilton",1988,576,876631
"Hancock",1988,29,65462
"Hardin",1988,21,31821
"Harrison",1988,14,15229
"Henry",1988,9,28357
"Highland",1988,24,35528
"Hocking",1988,12,25284
"Holmes",1988,8,30347
"Huron",1988,16,55976
"Jackson",1988,18,30357
"Jefferson",1988,77,81028
"Knox",1988,37,47638
"Lake",1988,147,213825
"Lawrence",1988,49,62066
"Licking",1988,81,125770
"Logan",1988,25,40795
"Lorain",1988,149,267355
"Lucas",1988,305,463044
"Madison",1988,16,35780
"Mahoning",1988,187,269911
"Marion",1988,55,64669
"Medina",1988,42,117582
"Meigs",1988,16,23791
"Mercer",1988,12,38915
"Miami",1988,42,90644
"Monroe",1988,11,15117
"Montgomery",1988,340,570927
"Morgan",1988,11,14109
"Morrow",1988,10,27478
"Muskingum",1988,66,83115
"Noble",1988,5,11276
"Ottawa",1988,26,39653
"Paulding",1988,9,20984
"Perry",1988,14,32010
"Pickaway",1988,27,46816
"Pike",1988,23,24979
"Portage",1988,55,138060
"Preble",1988,18,39301
"Putnam",1988,11,33659
"Richland",1988,67,127436
"Ross",1988,42,67612
"Sandusky",1988,32,61653
"Scioto",1988,67,80863
"Seneca",1988,40,61638
"Shelby",1988,22,44239
"Stark",1988,224,368326
"Summit",1988,337,508380
"Trumbull",1988,146,227250
"Tuscarawas",1988,51,83877
"Union",1988,6,32436
"Van Wert",1988,10,29566
"Vinton",1988,4,11493
"Warren",1988,59,109232
"Washington",1988,40,63446
"Wayne",1988,32,102027
"Williams",1988,17,36499
"Wood",1988,30,110065
"Wyandot",1988,16,22147
